ISO,Countryname
ABW,Aruba
AFG,Afghanistan
AGO,Angola
ALB,Albania
ANT,Netherlands Antilles
ARE,United Arab Emirates
ARG,Argentina
ARM,Armenia
ASM,American Samoa
ATG,Antigua and Barbuda
AUS,Australia
AUT,Austria
AZE,Azerbaijan
BDI,Burundi
BEL,Belgium
BEN,Benin
BFA,Burkina Faso
BGD,Bangladesh
BGR,Bulgaria
BHR,Bahrain
BHS,Bahamas
BIH,Bosnia and Herzegovina
BLR,Belarus
BLZ,Belize
BMU,Bermuda
BOL,Bolivia (Plurinational State of)
BRA,Brazil
BRB,Barbados
BRN,Brunei Darussalam
BTN,Bhutan
BWA,Botswana
CAF,Central African Republic
CAN,Canada
CHE,Switzerland
CHL,Chile
CHN,China
CIV,Côte d`Ivoire
CMR,Cameroon
COD,Democratic Republic of the Congo
COG,Congo
COL,Colombia
COM,Comoros
CPV,Cape Verde
CRI,Costa Rica
CUB,Cuba
CYP,Cyprus
CZE,Czech Republic
DEU,Germany
DJI,Djibouti
DMA,Dominica
DNK,Denmark
DOM,Dominican Republic
DZA,Algeria
ECU,Ecuador
EGY,Egypt
ERI,Eritrea
ESH,Western Sahara
ESP,Spain
EST,Estonia
ETH,Ethiopia
FIN,Finland
FJI,Fiji
FRA,France
FSM,"Micronesia, Federated States of"
GAB,Gabon
GBR,United Kingdom of Great Britain and Northern Ireland
GEO,Georgia
GHA,Ghana
GIN,Guinea
GLP,Guadeloupe
GMB,Gambia
GNB,Guinea-Bissau
GNQ,Equatorial Guinea
GRC,Greece
GRD,Grenada
GTM,Guatemala
GUF,French Guiana
GUM,Guam
GUY,Guyana
HKG,"China, Hong Kong Special Administrative Region"
HND,Honduras
HRV,Croatia
HTI,Haiti
HUN,Hungary
IDN,Indonesia
IND,India
IRL,Ireland
IRN,Iran (Islamic Republic of)
IRQ,Iraq
ISL,Iceland
ISR,Israel
ITA,Italy
JAM,Jamaica
JOR,Jordan
JPN,Japan
KAZ,Kazakhstan
KEN,Kenya
KGZ,Kyrgyzstan
KHM,Cambodia
KIR,Kiribati
KNA,Saint Kitts and Nevis
KOR,Republic of Korea
KWT,Kuwait
LAO,Lao People`s Democratic Republic
LBN,Lebanon
LBR,Liberia
LBY,Libyan Arab Jamahiriya
LCA,Saint Lucia
LKA,Sri Lanka
LSO,Lesotho
LTU,Lithuania
LUX,Luxembourg
LVA,Latvia
MAC,"China, Macao Special Administrative Region"
MAR,Morocco
MDA,Republic of Moldova
MDG,Madagascar
MDV,Maldives
MEX,Mexico
MKD,The former Yugoslav Republic of Macedonia
MLI,Mali
MLT,Malta
MMR,Myanmar
MNE,Montenegro
MNG,Mongolia
MOZ,Mozambique
MRT,Mauritania
MTQ,Martinique
MUS,Mauritius
MWI,Malawi
MYS,Malaysia
MYT,Mayotte
NAM,Namibia
NCL,New Caledonia
NER,Niger
NGA,Nigeria
NIC,Nicaragua
NLD,Netherlands
NOR,Norway
NPL,Nepal
NZL,New Zealand
OMN,Oman
PAK,Pakistan
PAN,Panama
PER,Peru
PHL,Philippines
PLW,Palau
PNG,Papua New Guinea
POL,Poland
PRI,Puerto Rico
PRK,Democratic People`s Republic of Korea
PRT,Portugal
PRY,Paraguay
PSE,Occupied Palestinian Territory
PYF,French Polynesia
QAT,Qatar
REU,Réunion
ROU,Romania
RUS,Russian Federation
RWA,Rwanda
SAU,Saudi Arabia
SDN,Sudan
SEN,Senegal
SGP,Singapore
SLB,Solomon Islands
SLE,Sierra Leone
SLV,El Salvador
SOM,Somalia
SRB,Serbia
SSD,South Sudan
STP,Sao Tome and Principe
SUR,Suriname
SVK,Slovakia
SVN,Slovenia
SWE,Sweden
SWZ,Swaziland
SYC,Seychelles
SYR,Syrian Arab Republic
TCD,Chad
TGO,Togo
THA,Thailand
TJK,Tajikistan
TKM,Turkmenistan
TLS,Timor-Leste
TON,Tonga
TTO,Trinidad and Tobago
TUN,Tunisia
TUR,Turkey
TWN,Taiwan
TZA,United Republic of Tanzania
UGA,Uganda
UKR,Ukraine
URY,Uruguay
USA,United States of America
UZB,Uzbekistan
VCT,Saint Vincent and the Grenadines
VEN,Venezuela (Bolivarian Republic of)
VIR,Virgin Islands (US)
VNM,Viet Nam
VUT,Vanuatu
WSM,Samoa
YEM,Yemen
ZAF,South Africa
ZMB,Zambia
ZWE,Zimbabwe